Category,Name,Phone / Info,Link Type,Image URL
Chalets & Guesthouses,Nova & Nest,+961 81 024 281,Location,https://explorefaraya.com/wp-content/uploads/2026/05/unnamed-1.webp
Chalets & Guesthouses,Karaz Riverhouse,+961 71 917 843,Location,https://explorefaraya.com/wp-content/uploads/2026/05/Screenshot-2026-05-01-203124.png
Chalets & Guesthouses,Arz Faraya,+961 70 114 445,Location,https://explorefaraya.com/wp-content/uploads/2025/01/2021-09-11-1.jpg
Chalets & Guesthouses,Afeer,+961 76 887 006,Location,https://explorefaraya.com/wp-content/uploads/2025/01/289424309_1530873757360234_2378125064893662360_n-1.jpg
Chalets & Guesthouses,Perch,+961 3 092 904,Location,https://explorefaraya.com/wp-content/uploads/2025/01/5BBAC369-0829-4AE7-A816-F540FC0D0591-1.jpeg
Chalets & Guesthouses,Sisters Chabrouh,+961 76 002 095,Location,https://explorefaraya.com/wp-content/uploads/2025/01/2023-07-10-1.jpg
Chalets & Guesthouses,L'Ours,+961 03 776 089,Location,https://explorefaraya.com/wp-content/uploads/2025/01/Snapinst.app_337676436_602886668105064_121753535457400836_n_1080-1.jpg
Chalets & Guesthouses,Acampar,+961 71 860 068,Location,https://explorefaraya.com/wp-content/uploads/2025/01/2024-07-30-1.jpg
Chalets & Guesthouses,Cascade,+961 3 166 149,Location,https://explorefaraya.com/wp-content/uploads/2025/01/FB_IMG_1536082763566-1.jpg
Chalets & Guesthouses,Sarbelio,+961 71 677 168,Website (sarbeliomzaar.com),https://explorefaraya.com/wp-content/uploads/2026/02/Screenshot-2026-02-03-at-1.02.15-PM.png
Chalets & Guesthouses,Les Chalets de Lucile,+961 3 353 503,Location,https://explorefaraya.com/wp-content/uploads/2025/01/2023-12-29-1.jpg
Chalets & Guesthouses,La Reserve,+961 3 399 985,Location,https://explorefaraya.com/wp-content/uploads/2025/01/IMG_5517-1.jpg
Chalets & Guesthouses,Chalets de Faraya,+961 3 321 216,Location,https://explorefaraya.com/wp-content/uploads/2025/01/2017-04-17-1.jpg
Chalets & Guesthouses,Rokwood,+961 3 989 148,Location,https://explorefaraya.com/wp-content/uploads/2025/01/2020-03-05-1.jpg
Chalets & Guesthouses,Soirée De Faraya,+961 70 708 999,Location,https://explorefaraya.com/wp-content/uploads/2025/01/2017-04-27-1.jpg
Chalets & Guesthouses,Faraya Village Club,+961 9 320 666,Location,https://explorefaraya.com/wp-content/uploads/2025/01/unnamed-3-1.jpg
Chalets & Guesthouses,Faraya Moonset,+961 3 442 112,Location,https://explorefaraya.com/wp-content/uploads/2025/01/IMG-20200702-WA0156-1.jpeg
Chalets & Guesthouses,Aiden,+961 71 949 202,Location,https://explorefaraya.com/wp-content/uploads/2025/01/2022-12-29-1.jpg
Chalets & Guesthouses,Villetta Di Faraya,+961 76 188 220,Location,https://explorefaraya.com/wp-content/uploads/2025/01/2022-03-11-1.jpg
Chalets & Guesthouses,Austria Luxury Apartments,+961 3 103 303,Location,https://explorefaraya.com/wp-content/uploads/2025/01/RAM1247-Edit-1.jpg
Chalets & Guesthouses,Faraya Getaway,+961 3 867 476,Location (Airbnb link),https://explorefaraya.com/wp-content/uploads/2025/01/Snapinst.app_458933294_497764466397657_8626941686408578742_n_1080-1.jpg
Chalets & Guesthouses,Riverland,+961 3 731 774,Location,https://explorefaraya.com/wp-content/uploads/2025/01/299658348_610043670519926_6949302773271857571_n-1.jpg
Chalets & Guesthouses,SnowGate,+961 76 682 600,Location,https://explorefaraya.com/wp-content/uploads/2025/01/unnamed-4-1.jpg
Chalets & Guesthouses,Amal Faraya,+961 71 777 483,Location,https://explorefaraya.com/wp-content/uploads/2025/01/Snapinst.app_350770477_1455074355236449_5615830575383620358_n_1080-1.jpg
Chalets & Guesthouses,Rivers,+961 3 106 927,Location,https://explorefaraya.com/wp-content/uploads/2025/01/IMG_8475-1.jpg
Chalets & Guesthouses,L'Escape Faraya,+961 81 400 774,Location,https://explorefaraya.com/wp-content/uploads/2025/01/2023-10-10-1.jpg
Chalets & Guesthouses,Yellow Stone,+961 3 357 795,Location,https://explorefaraya.com/wp-content/uploads/2025/01/2022-01-07-1.jpg
Chalets & Guesthouses,Faraya Vista,+961 3 477 128,Website (farayachalet.com),https://explorefaraya.com/wp-content/uploads/2025/01/Snapinst.app_410125378_1561606051251929_4926744034254270750_n_1080-1.jpg
Chalets & Guesthouses,A Suites,+961 71 888 383,Instagram (@a.suites.lb),https://explorefaraya.com/wp-content/uploads/2025/01/Snapinst.app_468379433_430495476776378_1169362021019435232_n_1080-1.jpg
Chalets & Guesthouses,The Valley,+961 70 002 300,Location,https://explorefaraya.com/wp-content/uploads/2025/01/2021-03-05-1.jpg
Chalets & Guesthouses,Beit Bteich,+961 70 557 557,WhatsApp,https://explorefaraya.com/wp-content/uploads/2025/01/363344677_689722029860261_1641632295882110518_n-1.jpg
Chalets & Guesthouses,Casa De Faraya,+961 81 876 797,Instagram (@casadefaraya),https://explorefaraya.com/wp-content/uploads/2025/01/Snapinst.app_390952167_266628972452587_1077756774801578984_n_1080-1.jpg
Chalets & Guesthouses,Domaine de Faraya,+961 81 251 096,Location,https://explorefaraya.com/wp-content/uploads/2026/05/Screenshot-2026-05-01-203511.png
Chalets & Guesthouses,Theo's House,+961 76 696 968,Instagram (Airbnb link),https://explorefaraya.com/wp-content/uploads/2025/01/Snapinst.app_451043160_3668250460096796_8959907788774535419_n_1080-1.jpg
Chalets & Guesthouses,Econostay,+961 70 356 856,Location,https://explorefaraya.com/wp-content/uploads/2025/01/IMG_4191-1.jpeg
Chalets & Guesthouses,CJ,+961 79 321 000,Location,https://explorefaraya.com/wp-content/uploads/2025/01/412237788_868436828316775_7704726863570543539_n-1.jpg
Chalets & Guesthouses,William Akiki Chalets,+961 3 612 007,Location,https://explorefaraya.com/wp-content/uploads/2025/01/FB_IMG_1594367329017-1.jpg
Chalets & Guesthouses,Black Crow Retreat,+961 76 191 819,Location,https://explorefaraya.com/wp-content/uploads/2025/01/Snapinst.app_470043152_434075429773756_7284790105214396411_n_1080-1.jpg
Chalets & Guesthouses,Bteich Building,+961 3 883 349,Location,https://explorefaraya.com/wp-content/uploads/2025/01/2019-02-09-1.jpg
Chalets & Guesthouses,Trinity5,+961 70 183 888,Location,https://explorefaraya.com/wp-content/uploads/2025/01/2023-05-08-1.jpg
Chalets & Guesthouses,Faraya 797,+961 3 366 084,Location,https://explorefaraya.com/wp-content/uploads/2025/01/F3FD1781-FE49-4B48-B410-C1B6123BE44A-1.jpeg
Chalets & Guesthouses,Hilltop Faraya Suites,+961 3 887 760,Location,https://explorefaraya.com/wp-content/uploads/2025/01/2022-02-22-1.jpg
Hotels,Auberge Le Valais,+961 3 943 363,Location,https://explorefaraya.com/wp-content/uploads/2025/01/464468064_8434758199910501_4792335450936103707_n-1.jpg
Hotels,Saint Giorgio,+961 3 609 309,Location,https://explorefaraya.com/wp-content/uploads/2025/01/12332243-1.webp
Hotels,Lodge Inn,+961 9 320 020,Location,https://explorefaraya.com/wp-content/uploads/2025/01/2019-05-31-1.jpg
Hotels,Le Coin Vert,+961 9 321 556,Location,https://explorefaraya.com/wp-content/uploads/2025/01/img-20170101-144128-largejpg-1.jpg
Hotels,Trinity5,+961 70 183 888,Location,https://explorefaraya.com/wp-content/uploads/2025/01/2023-05-08-1.jpg
Hotels,Hotel Al Bader,+961 3 749 999,Location,https://explorefaraya.com/wp-content/uploads/2025/01/2024-08-19-1.jpg
Hotels,Old Bridge,+961 3 870 268,Location,https://explorefaraya.com/wp-content/uploads/2025/01/unnamed-2-1.jpg
Hotels,Tamer Land,+961 9 321 268,Location,https://explorefaraya.com/wp-content/uploads/2025/01/2018-03-01-1.jpg
Lebanese Restaurants,Tarik El Nahel,+961 3 737 394,Location,https://explorefaraya.com/wp-content/uploads/2025/01/346982707_571755781730516_8642723527329874788_n-1-2.jpg
Lebanese Restaurants,3al Beit,+961 3 552 468,Location,https://explorefaraya.com/wp-content/uploads/2025/01/453432870_1026667696128811_452008599042707952_n-1-2.jpg
Lebanese Restaurants,Fawk El Rih,+961 81 817 807,Location,https://explorefaraya.com/wp-content/uploads/2025/01/469193561_17879727870196100_7551104963846411355_n-1-1.jpg
Lebanese Restaurants,Auberge Le Valais,+961 3 943 363,Location,https://explorefaraya.com/wp-content/uploads/2025/01/2024-05-09-2-1.jpg
Lebanese Restaurants,Tannourع,+961 70 949 890,Location,https://explorefaraya.com/wp-content/uploads/2025/01/291818540_8451447641539360_3128171563373101310_n-1.jpg
Lebanese Restaurants,Restaurant and Montazah Naher Faraya,+961 70 612 888,Location,https://explorefaraya.com/wp-content/uploads/2025/01/2024-07-02-1-1.jpg
Lebanese Restaurants,Soleil D'Or,+961 3 893 694,Location,https://explorefaraya.com/wp-content/uploads/2025/01/Snapinst.app_15802539_177033266110007_1902873105735352320_n_1080-1.jpg
Lebanese Restaurants,Al Ghwebe,+961 3 447 528,Location,https://explorefaraya.com/wp-content/uploads/2025/07/WhatsApp-Image-2025-07-05-at-21.37.58_4d8ef768-1.jpg
International Cuisine,Cheese On Top,+961 79 004 611,Location,https://explorefaraya.com/wp-content/uploads/2026/02/SnapInsta.to_327614499_1235781830701746_4891977533914088158_n-1.jpg
International Cuisine,Bistr'haut,+961 3 481 097,Location,https://explorefaraya.com/wp-content/uploads/2025/01/2024-02-16-1.jpg
International Cuisine,Pancho Vino,+961 70 517 070,Location,https://explorefaraya.com/wp-content/uploads/2025/01/Snapinst.app_469618308_18067770787665568_8142628902883166872_n_1080-2.jpg
International Cuisine,El Mexicano,+961 3 624 872,Location,https://explorefaraya.com/wp-content/uploads/2025/01/unnamed-1.jpg
International Cuisine,RIKKY'Z,+961 3 120 201,Location,https://explorefaraya.com/wp-content/uploads/2025/01/2020-01-06-1.jpg
International Cuisine,Panorama Cafe,+961 76 851 540,Location,https://explorefaraya.com/wp-content/uploads/2025/01/2024-02-28-1.jpg
International Cuisine,Auberge Le Valais,+961 3 552 227,Location,https://explorefaraya.com/wp-content/uploads/2025/01/2024-08-27-1.jpg
International Cuisine,Amelia,+961 76 666 426,Location,https://explorefaraya.com/wp-content/uploads/2025/01/2023-03-17-1.jpg
International Cuisine,SAPA,+961 70 911 444,Location,https://explorefaraya.com/wp-content/uploads/2025/01/2020-12-27-1.jpg
International Cuisine,Mons,+961 3 117 331,Location,https://explorefaraya.com/wp-content/uploads/2025/01/Snapinst.app_473619002_582543677915137_9191176188857093495_n_1080-1.jpg
Night Life & Pubs,Mons,+961 3 117 331,Location,https://explorefaraya.com/wp-content/uploads/2025/01/2024-02-14-1.jpg
Night Life & Pubs,Amelia,+961 76 666 426,Location,https://explorefaraya.com/wp-content/uploads/2025/01/2024-03-04-1.jpg
Night Life & Pubs,RIKKY'Z,+961 3 120 201,Location,https://explorefaraya.com/wp-content/uploads/2025/01/2023-07-09-1.jpg
Night Life & Pubs,SAPA,+961 70 911 444,Location,https://explorefaraya.com/wp-content/uploads/2025/01/Snapinst.app_456327225_18412065340079984_1865267246323226218_n_1080-1.jpg
Night Life & Pubs,Ninety Degree Rooftop,+961 3 283 696,Location,https://explorefaraya.com/wp-content/uploads/2025/01/IMG-20240630-WA0007-1.jpg
Night Life & Pubs,ESPACE AFEER by DARLING,+961 78 944 496,Location,https://explorefaraya.com/wp-content/uploads/2025/01/2024-08-16-1.jpg
Night Life & Pubs,The Last Sunset,+961 81 862 345,Location,https://explorefaraya.com/wp-content/uploads/2025/01/2023-07-21-1.jpg
Night Life & Pubs,The Wine Haven,+961 70 002 909,Location,https://explorefaraya.com/wp-content/uploads/2025/09/TWH-24-min-1.jpg
Coffee Shops,Lttl Bean,+961 76 425 595,Location,https://explorefaraya.com/wp-content/uploads/2026/06/images-4-1.jpg
Coffee Shops,Caffino,+961 81 110 080,Instagram (@caffino.lb),https://explorefaraya.com/wp-content/uploads/2026/06/Gemini_Generated_Image_nq6slenq6slenq6s-1.png
Bakeries & Saj,Furn Em Youssef,+961 76 646 861,Location,https://explorefaraya.com/wp-content/uploads/2025/01/2024-07-04-1.jpg
Bakeries & Saj,Diwan El Beit,+961 70 338 732,Location,https://explorefaraya.com/wp-content/uploads/2025/01/PXL_20240201_121158100-1.jpg
Bakeries & Saj,Forn Chez Joseph,+961 3 559 443,Location,https://explorefaraya.com/wp-content/uploads/2025/01/IMG_20190104_081312-1.jpg
Bakeries & Saj,The Brothers Snack,+961 71 894 274,Location,https://explorefaraya.com/wp-content/uploads/2025/01/Snapinst.app_356403488_284525960740853_7452293141046873609_n_1080-1.jpg
Bakeries & Saj,Saj Abou Artine,+961 81 371 959,Location,https://explorefaraya.com/wp-content/uploads/2025/01/2021-09-19-1.jpg
Bakeries & Saj,Saj Mema,+961 9 321 339,Location,https://explorefaraya.com/wp-content/uploads/2025/01/2024-03-24-1.jpg
Bakeries & Saj,Top Saj,+961 3 395 699,Location,https://explorefaraya.com/wp-content/uploads/2025/01/2024-07-31-1.jpg
Bakeries & Saj,Saj Em Bachir,+961 9 321 117,Location,https://explorefaraya.com/wp-content/uploads/2025/01/2021-06-02-1.jpg
Bakeries & Saj,Bel Forn,+961 9 321 112,Location,https://explorefaraya.com/wp-content/uploads/2025/01/2020-10-25-1.jpg
Bakeries & Saj,Furn El Chewye,+961 70 118 429,WhatsApp,https://explorefaraya.com/wp-content/uploads/2025/01/pexels-shameel-mukkath-3421394-5175622-1.jpg
Bakeries & Saj,Furn Al-Wadi,+961 9 321 494,Location,https://explorefaraya.com/wp-content/uploads/2025/01/2024-10-06-1.jpg
Bakeries & Saj,Saj Hoda,+961 70 300 323,Location,https://explorefaraya.com/wp-content/uploads/2025/09/9d78d1920d3e27d01d52cec63dba6215-1.jpg
Snacks,Faraya Café,+961 3 194 380,Location,https://explorefaraya.com/wp-content/uploads/2025/01/2020-10-04-1.jpg
Snacks,Falafel Louis,+961 3 788 300,Location,https://explorefaraya.com/wp-content/uploads/2025/01/2019-07-22-1.jpg
Snacks,Pizzanini,+961 81 079 097,Menu (Google Drive PDF),https://explorefaraya.com/wp-content/uploads/2026/05/Screenshot-2026-05-01-204220.png
Snacks,Malak Al Tawouk,1592,Location,https://explorefaraya.com/wp-content/uploads/2025/01/2023-10-28-1.jpg
Snacks,La Plancha,+961 76 133 303,Location,https://explorefaraya.com/wp-content/uploads/2025/01/2024-06-25-1.jpg
Snacks,Foul House,+961 76 029 923,Location,https://explorefaraya.com/wp-content/uploads/2025/05/WhatsApp-Image-2025-05-13-at-23.20.53_4ad3a9b7-rotated-e1759046543154.jpg
Snacks,Diwan El Beit,+961 70 338 732,Location,https://explorefaraya.com/wp-content/uploads/2025/01/PXL_20240201_121158100-1.jpg
Snacks,Snack Abou Artine,+961 81 371 959,Location,https://explorefaraya.com/wp-content/uploads/2025/01/Snapinst.app_116050659_177557043750190_6587177511066751803_n_1080-1.jpg
Snacks,Pork Tartine,+961 81 777 696,Location,https://explorefaraya.com/wp-content/uploads/2025/01/2017-08-23-1.jpg
Snacks,The Brothers Snack,+961 71 894 274,Location,https://explorefaraya.com/wp-content/uploads/2025/01/Snapinst.app_356403488_284525960740853_7452293141046873609_n_1080-1.jpg
Snacks,Cj Café,+961 79 321 000,Location,https://explorefaraya.com/wp-content/uploads/2025/01/471206023_1101177871709335_4051430579138344276_n-1.jpg
Snacks,Bel Forn,+961 9 321 112,Location,https://explorefaraya.com/wp-content/uploads/2025/09/IMG-20200504-WA0094-1-1.jpg
Snacks,Al Tannour Snack,+961 9 321 435,Call,https://explorefaraya.com/wp-content/uploads/2025/01/WhatsApp-Image-2024-07-25-at-11.53.49-PM-2-1-1.jpeg
Snacks,Taht El Delbe,+961 70 118 128,Location,https://explorefaraya.com/wp-content/uploads/2025/09/WhatsApp-Image-2025-09-04-at-22.43.51_991fb4ba-e1759046440958.jpg
Sweets & Desserts,Sweets & Coffee,+961 70 989 010,Location,https://explorefaraya.com/wp-content/uploads/2025/01/20220619_174936-1.jpg
Sweets & Desserts,Snow Cream,+961 3 940 849,Location,https://explorefaraya.com/wp-content/uploads/2025/01/2023-08-28-1.jpg
Sweets & Desserts,Baguette de Faraya,+961 9 321 226,Location,https://explorefaraya.com/wp-content/uploads/2025/01/Screenshot-2024-10-12-at-5.07.08-PM-1.png
Markets,Pick n Pay,+961 70 994 914,Location,https://explorefaraya.com/wp-content/uploads/2025/01/image-1.jpg
Markets,Youssef Salameh Market,+961 9 321 186,Call,https://explorefaraya.com/wp-content/uploads/2025/01/WhatsApp-Image-2024-07-26-at-12.56.32_bd48b820-1-1.jpg
Markets,Mountain Market,+961 70 612 888,Call,https://explorefaraya.com/wp-content/uploads/2025/01/IMG_20200730_233857977-1.jpg
Markets,Mema Market,+961 9 321 112,Location,https://explorefaraya.com/wp-content/uploads/2025/01/2017-06-27-1.jpg
Markets,Frutopia - Abou Ali Fruits,+961 81 862 998,Location,https://explorefaraya.com/wp-content/uploads/2025/05/colorful-collage-fruits-texture-close-up-1.jpg
Markets,Market Aleb Yasou3,+961 3 723 873,Location,https://explorefaraya.com/wp-content/uploads/2025/01/WhatsApp-Image-2024-07-27-at-9.52.10-AM-scaled-1-1.jpeg
Markets,Rabih Khalil Market,+961 9 321 004,Location,https://explorefaraya.com/wp-content/uploads/2025/01/2024-03-23-1.jpg
Markets,Chalioto Vegetables & Fruits Faraya,+961 71 608 674,Call,https://explorefaraya.com/wp-content/uploads/2025/01/WhatsApp-Image-2024-07-27-at-4.02.39-PM-1-1.jpeg
Markets,Bteich Supermarket,+961 9 321 226,Location,https://explorefaraya.com/wp-content/uploads/2025/01/2024-09-29-1.jpg
Markets,Supemarket House,+961 9 321 232,Location,https://explorefaraya.com/wp-content/uploads/2025/01/2018-02-11-1.jpg
Markets,Market Youssef Ragheb Salameh,+961 9 321 353,Location,https://explorefaraya.com/wp-content/uploads/2025/01/2021-08-23-1-1.jpg
Markets,Mini Market Faraya,+961 9 321 546,Call,https://explorefaraya.com/wp-content/uploads/2025/01/WhatsApp-Image-2024-07-26-at-12.59.46-PM-1.jpeg
Markets,Tout Pas Tout Market,+961 76 835 617,Call,https://explorefaraya.com/wp-content/uploads/2025/01/WhatsApp-Image-2024-07-26-at-11.43.14-PM-1-1-1.jpeg
Markets,River Market,+961 3 731 774,Call,https://explorefaraya.com/wp-content/uploads/2025/01/WhatsApp-Image-2024-07-17-at-8.28.55-PM-1.jpeg
Markets,Mhanna Market,+961 70 284 205,Call,https://explorefaraya.com/wp-content/uploads/2025/01/WhatsApp-Image-2024-07-26-at-12.52.52-PM-1.jpeg
Markets,Jour Et Nuit,+961 9 321 020,Location,https://explorefaraya.com/wp-content/uploads/2025/01/WhatsApp-Image-2024-07-29-at-10.41.52-AM-1-1-1.jpeg
Markets,Moonetna,+961 3 917 327,Call,https://explorefaraya.com/wp-content/uploads/2025/01/WhatsApp-Image-2024-07-27-at-12.51.36-PM-2-1-1.jpeg
Markets,Mounit Leila,+961 71 071 515,Location,https://explorefaraya.com/wp-content/uploads/2025/01/2023-09-05-1-1.jpg
Markets,Press & Mill,+961 3 707 961,Call,https://explorefaraya.com/wp-content/uploads/2025/01/WhatsApp-Image-2024-07-27-at-12.54.09-PM-1-1.jpeg
Markets,Mini Mercado,+961 9 321 811,Call (+961 81 556 020),https://explorefaraya.com/wp-content/uploads/2025/11/470672571_1189938463135089_407733576673800035_n-1.jpg
Butchers,Meaters,+961 9 321 494,Location,https://explorefaraya.com/wp-content/uploads/2025/01/Screenshot-2022-09-12-083010-1.jpg
Butchers,Al-Wadi Butchery,+961 9 321 494,Location,https://explorefaraya.com/wp-content/uploads/2025/01/WhatsApp-Image-2025-01-30-at-22.11.44_67827a29-1.jpg
Shisha Shops,Cinder - Hookah & Accessories Store,+961 76 738 000,Location,https://explorefaraya.com/wp-content/uploads/2025/01/2020-11-29-1.jpg
Shisha Shops,Arguilet El Beik,+961 70 793 608,WhatsApp,https://explorefaraya.com/wp-content/uploads/2025/01/Snapinst.app_451573122_513935530975727_3008572161282992139_n_1080-1.jpg
Activity Hub,Groupe Z,+961 70 938 487,Location,https://explorefaraya.com/wp-content/uploads/2025/01/353067616_728872472574560_2190883725810840660_n-1-1.jpg
ATV & Skidoo,Mountain Services and Transport,+961 70 612 777,Website (mountainleb.com),https://explorefaraya.com/wp-content/uploads/2025/01/db85c834723e4235a550c69c56f8584e-1.webp
ATV & Skidoo,Highland Club,+961 76 860 867,Location,https://explorefaraya.com/wp-content/uploads/2025/01/2023-03-14-1.jpg
ATV & Skidoo,Pro X Riding Club,+961 3 155 135,Location,https://explorefaraya.com/wp-content/uploads/2025/01/2024-05-01-1.jpg
ATV & Skidoo,All Road Club,+961 3 836 207,Location,https://explorefaraya.com/wp-content/uploads/2025/01/WhatsApp-Image-2024-07-23-at-2.02.44-PM-2-1-1.jpeg
Ski Shops,Ski Shop,+961 3 249 049,Location,https://explorefaraya.com/wp-content/uploads/2025/01/WhatsApp-Image-2022-01-28-at-10.09.10-AM-1.jpeg
Ski Shops,Skiline,+961 3 776 089,Call,https://explorefaraya.com/wp-content/uploads/2025/01/463845189_2964950743659120_7569036665136265008_n-1.jpg
Ski Shops,Eddie's Sport,+961 3 940 354,Location,https://explorefaraya.com/wp-content/uploads/2025/01/close-up-snowboarding-glasses-snow-1.jpg
Ski Shops,Charles Sport,+961 3 181 625,Location,https://explorefaraya.com/wp-content/uploads/2025/01/IMG_8489-1.jpg
Ski Shops,Mzaar Sport,+961 3 461 624,Location,https://explorefaraya.com/wp-content/uploads/2025/01/woman-selecting-ski-shop-1.jpg
Ski Shops,Le Marathon,+961 3 181 625,Call,https://explorefaraya.com/wp-content/uploads/2025/01/winter-snow-sports-background-with-ski-poles-goggles-hats-gloves-with-copyspace-1.jpg
Ski Shops,Mountain Ski Shop,+961 70 612 777,Location,https://explorefaraya.com/wp-content/uploads/2025/01/women-snowboard-suit-sportswomen-mountain-with-snowboard-hands-horizon-concept-sports-1.jpg
Hiking,Juniper Journey,+961 3 447 528,Location,https://explorefaraya.com/wp-content/uploads/2025/01/469103761_867746365526558_4046163530060756012_n-1.jpg
Camping & Campsites,Acampar,+961 71 860 068,Location,https://explorefaraya.com/wp-content/uploads/2025/01/2020-07-20-1.jpg
Camping & Campsites,Sheer,+961 71 777 483,Location,https://explorefaraya.com/wp-content/uploads/2025/01/WhatsApp-Image-2024-07-25-at-11.29.54-PM-1-1-1.jpeg
Camping & Campsites,Al Ghwebe,+961 3 447 528,Location,https://explorefaraya.com/wp-content/uploads/2025/09/WhatsApp-Image-2025-09-04-at-22.38.18_888e5e28-e1757014793888.jpg
Clothing & Lingerie,Libellule Linge de Maison,+961 71 044 100,Call,https://explorefaraya.com/wp-content/uploads/2025/01/WhatsApp-Image-2024-07-27-at-12.56.04-PM-2-1.jpeg
Clothing & Lingerie,B-Ropa,+961 70 314 188,Call,https://explorefaraya.com/wp-content/uploads/2025/01/WhatsApp-Image-2024-02-14-at-12.09.43_b34b6ee7-1.jpg
Clothing & Lingerie,Wonder,+961 76 738 000,Call,https://explorefaraya.com/wp-content/uploads/2025/01/WhatsApp-Image-2024-07-27-at-12.56.05-PM-3-1-1.jpeg
Dollar Stores,Tip Top,+961 79 117 443,Call,https://explorefaraya.com/wp-content/uploads/2025/01/WhatsApp-Image-2024-07-27-at-12.51.35-PM-3-1.jpeg
Dollar Stores,Makhlouf Fireworks & Gifts Faraya,+961 3 943 226,Call,https://explorefaraya.com/wp-content/uploads/2025/01/WhatsApp-Image-2024-07-27-at-12.51.36-PM-1-1-1.jpeg
Dollar Stores,Elie Abdalla's $1 Store,+961 3 584 504,Call,https://explorefaraya.com/wp-content/uploads/2025/01/WhatsApp-Image-2024-07-26-at-12.53.44-PM-1-1.jpeg
Dollar Stores,Jean Khalil's $1 Shop,+961 3 931 712,Call,https://explorefaraya.com/wp-content/uploads/2025/01/WhatsApp-Image-2024-07-27-at-1.40.32-PM-1-2-1.jpeg
Electronic Stores,TechnoloJe,+961 81 251 096,Location,https://explorefaraya.com/wp-content/uploads/2025/01/images-1.png
Electronic Stores,Star Electronics,+961 3 372 941,Location,https://explorefaraya.com/wp-content/uploads/2025/01/2018-08-16-1.jpg
Electronic Stores,R.T.A. Electrics,+961 3 900 443,Location,https://explorefaraya.com/wp-content/uploads/2025/01/20171028_151913-1.jpg
Money Transfer,Photo Expert & OMT,+961 3 977 221,Call,https://explorefaraya.com/wp-content/uploads/2025/01/images-2-1.png
Money Transfer,Whish Money,,None,https://explorefaraya.com/wp-content/uploads/2025/01/unnamed-1-1.jpg
Gas Stations,Wardieh Mema Station,+961 76 544 544,Location,https://explorefaraya.com/wp-content/uploads/2025/01/272817285_1322919428171268_2880493131788531361_n-2.jpg
Gas Stations,Total Energies - Georges Mema Station,+961 9 321 020,Location,https://explorefaraya.com/wp-content/uploads/2025/01/2024-04-11-1.jpg
Gas Stations,"IPT ""Faraya"" Station",+961 70 180 878,Location,https://explorefaraya.com/wp-content/uploads/2025/01/1991Image2-1.jpg
Hairdressers,Ziad Beaino - Salon for Women,+961 3 708 756,Location,https://explorefaraya.com/wp-content/uploads/2025/01/WhatsApp-Image-2024-07-27-at-12.48.15-PM-1-1-1.jpeg
Hairdressers,Salon Maurice for Men,+961 76 110 455,Location,https://explorefaraya.com/wp-content/uploads/2025/01/WhatsApp-Image-2024-07-27-at-12.48.17-PM-2-1.jpeg
Hairdressers,Salon Chahine For Men,+961 3 734 712,Location,https://explorefaraya.com/wp-content/uploads/2025/01/WhatsApp-Image-2024-07-27-at-12.56.08-PM-1-1-1.jpeg
Hairdressers,Pauline Abdallah - Women,+961 71 194 770,Location,https://explorefaraya.com/wp-content/uploads/2025/01/Screenshot-2024-07-27-234752-1.png
Hairdressers,Salon Rabih Salameh for Men,+961 3 552 371,Location,https://explorefaraya.com/wp-content/uploads/2025/04/1744575342421.jpg
Pharmacies,Pharmacy Dany,+961 9 321 882,Location,https://explorefaraya.com/wp-content/uploads/2025/01/2024-05-17-1.jpg
Taxi,Samir Taxi,+961 70 103 010,Location,https://explorefaraya.com/wp-content/uploads/2025/01/2024-05-13-1.jpg
Taxi,Snow Taxi,+961 3 583 068,Location,https://explorefaraya.com/wp-content/uploads/2025/01/WhatsApp-Image-2024-07-20-at-8.19.27-PM-1-1.jpeg
Taxi,Ralph Khalil Transport and Tourism,+961 76 972 010,Location,https://explorefaraya.com/wp-content/uploads/2025/01/WhatsApp-Image-2024-07-30-at-12.17.43-PM-1-1-1.jpeg
Kids Animation & Fun,Geanimate Animation,+961 78 928 996,Location,https://explorefaraya.com/wp-content/uploads/2025/01/Snapinst.app_465950956_942493607928250_5036562321735495761_n_1080-1.jpg
Kids Animation & Fun,Cheer Up Animation,+961 71 385 467 / +961 79 107 977,Location,https://explorefaraya.com/wp-content/uploads/2025/01/IMG-20240723-WA0052-1.jpg
Kids Animation & Fun,L'Atelier de Faraya,+961 70 938 487,Location,https://explorefaraya.com/wp-content/uploads/2025/01/download-1-1.jpg
Decoration,In Details by Tania Khalil,+961 76 145 930,Location,https://explorefaraya.com/wp-content/uploads/2025/01/WhatsApp-Image-2024-09-10-at-9.43.12-AM-1.jpeg
Board Games,Moutcho Board Games,+961 71 899 389,Location,https://explorefaraya.com/wp-content/uploads/2025/01/2023-08-17-1.jpg
Diet & Nutrition,Clemence Atallah Mema,+961 3 999 320,Website (explorefaraya.com/diet.clemence),https://explorefaraya.com/wp-content/uploads/2025/02/Clemence-mema-1-1.png
Government Representation,Faraya Municipality,+961 9 321 429,Location,https://explorefaraya.com/wp-content/uploads/2025/01/2017-03-18-1.jpg
Government Representation,Snow Shoveling Center,+961 9 321 542,Location,https://explorefaraya.com/wp-content/uploads/2025/01/Faraya-1.jpg
Government Representation,Gendarmerie Oyoun Al Simane,+961 9 321 770,Location,https://explorefaraya.com/wp-content/uploads/2025/01/WhatsApp-Image-2024-07-27-at-12.56.11-PM-1-1.jpeg
Government Representation,مختار فاريا إلياس يوسف حبيب,+961 3 635 373,WhatsApp,https://explorefaraya.com/wp-content/uploads/2025/05/1.png
Government Representation,مختار فاريا ملحم تامر عقيقي,+961 3 663 336,WhatsApp,https://explorefaraya.com/wp-content/uploads/2025/05/2.png
Government Representation,مختار فاريا جريس يوسف قدوس سلامة,+961 3 166 149,WhatsApp,https://explorefaraya.com/wp-content/uploads/2025/05/3.png
Churches & Religious Tourism,Saint Joseph Church,,Location,https://explorefaraya.com/wp-content/uploads/2025/01/images-2-1.jpg
Churches & Religious Tourism,Our Lady of Mount Carmel Church,,Location,https://explorefaraya.com/wp-content/uploads/2025/01/ML-KSW-Faraya-NotreDameDuCarmel-1-1.jpg
Churches & Religious Tourism,St. Georges Church,,Location,https://explorefaraya.com/wp-content/uploads/2025/01/St-Georges-Chabrouh-Faraya-1.jpg
Churches & Religious Tourism,Sacred Heart Chappel,,Location,https://explorefaraya.com/wp-content/uploads/2025/01/2019-03-18-1.jpg
Churches & Religious Tourism,St. Therese Church,,Location,https://explorefaraya.com/wp-content/uploads/2025/01/Sta-Teresita-371-kb-e1533679195263-1.jpg
Churches & Religious Tourism,St. Challita Church,,Location,https://explorefaraya.com/wp-content/uploads/2025/01/ML-KSW-Faraya-MarChallita-3-1.jpg
Churches & Religious Tourism,The Old Church of St. Challita,,Location,https://explorefaraya.com/wp-content/uploads/2025/01/Screenshot-2024-07-28-170120-560x370-1.png
Churches & Religious Tourism,St. Charbel & Statue,,Location,https://explorefaraya.com/wp-content/uploads/2025/01/The-worlds-and-Lebanons-largest-statue-of-St-Charbel-Mount-Chabrouh-Faraya-Photo-1.png
Churches & Religious Tourism,Resurrection Monastery,,Location,https://explorefaraya.com/wp-content/uploads/2025/01/ML-KSW-Faraya-MonasteryOfResurrection-1-1.jpg
Churches & Religious Tourism,St. Charbel Church,,Location,https://explorefaraya.com/wp-content/uploads/2025/01/564be3061c7fb.image-1.webp
Churches & Religious Tourism,Couvent Les Freres,,Location,https://explorefaraya.com/wp-content/uploads/2025/01/Provincial-youth-meeting-1.jpg
Churches & Religious Tourism,St. Alphonse Church,,Location (khazen.org),https://explorefaraya.com/wp-content/uploads/2025/01/q2122-1.jpg
Churches & Religious Tourism,St. Peter and Paul Church,,Location,https://explorefaraya.com/wp-content/uploads/2025/01/images-5-1.jpg
Churches & Religious Tourism,St. Antoine de Padoue Church,,Location,https://explorefaraya.com/wp-content/uploads/2025/01/images-1.webp
Churches & Religious Tourism,Our Lady of Deliverance Church,,Location (khazen.org),https://explorefaraya.com/wp-content/uploads/2025/01/Our-Lady-of-Deliverance-Faraya-1.jpg
Churches & Religious Tourism,Church of the Cross,,Location,https://explorefaraya.com/wp-content/uploads/2025/01/2021-09-18-1.jpg
Others,Imperial Real Estate,+961 70 594 692,Facebook,https://explorefaraya.com/wp-content/uploads/2025/05/480616061_10171058140065293_3290638871683254114_n.jpg
Others,High Jack Vision - Drone Services,+961 70 111 084,Instagram (@highjackvision),https://explorefaraya.com/wp-content/uploads/2025/09/483015792_1680724802522165_6463935036713592714_n-2.jpg
Others,Many-Cure,+961 76 660 993,Location,https://explorefaraya.com/wp-content/uploads/2025/01/nail-hygiene-care-woman-s-hand-1.jpg
Others,Snow Sat,+961 70 515 954,Location,https://explorefaraya.com/wp-content/uploads/2025/01/top-view-wi-fi-symbol-with-smartphone-sim-card-1.jpg
Others,Agricare,+961 70 104 690,Location,https://explorefaraya.com/wp-content/uploads/2025/01/smart-agriculture-iot-with-hand-planting-tree-background-1.jpg
Others,Daou Paint Store,+961 70 907 292,Location,https://explorefaraya.com/wp-content/uploads/2025/01/top-view-paint-can-1.jpg
Others,ETS Bteich For Commerce,+961 70 154 005,Location,https://explorefaraya.com/wp-content/uploads/2025/01/hand-businesswoman-writing-paper-office-1.jpg
Others,Peaks Net,+961 3 996 510,Location,https://explorefaraya.com/wp-content/uploads/2025/01/top-view-wi-fi-symbol-with-smartphone-sim-card-1.jpg
Others,Ets Charbel Abdo Salameh Pour Le Commerce,+961 70 144 873,Location,https://explorefaraya.com/wp-content/uploads/2026/04/2022-05-28.webp
Others,Oak Firewood,+961 3 235 239,Location,https://explorefaraya.com/wp-content/uploads/2025/01/deck-is-stacked-logs-1.jpg
Others,Summit Real Estate,+961 70 422 444,Location,https://explorefaraya.com/wp-content/uploads/2026/04/Untitled-design.png
Others,Faraya Real Estate,+961 3 557 600,Location,https://explorefaraya.com/wp-content/uploads/2025/01/WhatsApp-Image-2024-11-09-at-1.31.05-PM-e1731152265807-1.jpeg
Popular Touristic Destinations (Homepage),Chabrouh Dam,,Location,
Popular Touristic Destinations (Homepage),Saint Charbel,,Location,
Popular Touristic Destinations (Homepage),FARAYA Sign,,Location,
Popular Touristic Destinations (Homepage),The Cross,,Location,
Popular Touristic Destinations (Homepage),Nabee' El Aasal,,Location,
Popular Touristic Destinations (Homepage),Faraya River,,Location,
Popular Touristic Destinations (Homepage),Old Bridge,,Location,
